<?xml version="1.0" encoding="UTF-8"?>
<usuarios>
	<usuario>
		<user>admin@gmail.com</user>
		<pwd>1234</pwd>
		<inf>4321</inf>
	</usuario>
	<usuario>
		<user>lolo@gmail.com</user>
		<pwd>1256</pwd>
		<inf>6521</inf>
	</usuario>
	<usuario>
		<user>suso@gmail.com</user>
		<pwd>3625</pwd>
		<inf>5263</inf>
	</usuario>
	<usuario>
		<user>tomi@gmail.com</user>
		<pwd>2514</pwd>
		<inf>4152</inf>
	</usuario>
	<usuario>
		<user>maria@gmail.com</user>
		<pwd>2564</pwd>
		<inf>4652</inf>
	</usuario>
	<usuario>
		<user>pedro@gmail.com</user>
		<pwd>4562</pwd>
		<inf>2654</inf>
	</usuario>
	<usuario>
		<user>seve@gmail.com</user>
		<pwd>5678</pwd>
		<inf>8765</inf>
	</usuario>
</usuarios>

