<?xml version="1.0" encoding="UTF-8"?>
<usuarios>
 <persona>
		<identidad>
			<Nif>12847801</Nif>
			<nombre>Azael</nombre>
			<apellido>Reyes</apellido>
			</identidad>
	<contacto>
			<digital>
				<email>138121183</email>
				<telefono>138121183</telefono>
			</digital>
		<postal>
			<direccion>138121183</direccion>
			<cpostal>138121183</cpostal>
		</postal>
	</contacto>
 </persona>
 <persona>
		<identidad>
			<Nif>12847801</Nif>
			<nombre>Azael</nombre>
			<apellido>Reyes</apellido>
			</identidad>
	<contacto>
			<digital>
				<email>138121183</email>
				<telefono>138121183</telefono>
			</digital>
		<postal>
			<direccion>138121183</direccion>
			<cpostal>138121183</cpostal>
		</postal>
	</contacto>
 </persona>
 <persona>
		<identidad>
			<Nif>12847801</Nif>
			<nombre>Azael</nombre>
			<apellido>Reyes</apellido>
			</identidad>
	<contacto>
			<digital>
				<email>138121183</email>
				<telefono>138121183</telefono>
			</digital>
		<postal>
			<direccion>138121183</direccion>
			<cpostal>138121183</cpostal>
		</postal>
	</contacto>
 </persona>
 </usuarios>